id;usuario_creacion;fecha_creacion;usuario_modificacion;fecha_modificacion;request;response
1;27910;2022-10-26T19:02:35;53309;2022-10-27T09:40:31;Silver;Avon logística flexibilidad
2;77448;2022-10-26T19:49:13;31179;2022-10-26T17:16:48;Card users;Account Zapatos
3;23121;2022-10-27T11:16:22;4131;2022-10-27T13:41:28;Rambla;Arrabal
4;15075;2022-10-27T13:18:34;85885;2022-10-27T08:37:09;infrastructures exploit;COM
5;29144;2022-10-26T22:44:33;38118;2022-10-27T08:20:45;Burkina bandwidth Estratega;Refinado Account
6;32241;2022-10-27T09:31:43;19246;2022-10-27T03:28:22;hard Azerbayán end-to-end;Algodón synergistic
7;58146;2022-10-26T20:36:32;30594;2022-10-27T08:45:18;Account Comunidad revolutionary;granular Azul
8;65012;2022-10-27T14:05:40;98018;2022-10-26T18:53:14;Czech Fundamental Hecho;Apartamento Integrado copying
9;47184;2022-10-26T23:18:53;49237;2022-10-27T00:59:54;payment quantify;Senior Hong
10;58268;2022-10-27T04:08:29;8431;2022-10-27T05:00:45;Buckinghamshire Metal;Bielorusia Madera Avon
