id;nombre;apellidos;tipo_documento;numero_documento;email;telefono;direccion
1;Pequeño Monitorizado Analista;direccional Granito;Futuro;Manzana Rioja;Cristin_Galindo15@hotmail.com;Electrónica users Croacia;Sorprendente
2;FTP Amarillo;Consultor Money;channels;Acero;Diego62@hotmail.com;TCP Infraestructura;indexing Representante
3;Ladrillo Guantes;Account;capacidad withdrawal;dinámica;Miguelngel_Casares73@hotmail.com;Borders;Seguro neural Montserrat
4;AI firewall;Gris Marroquinería Granito;Videojuegos bus;Lebanese;Ernesto_Correa44@hotmail.com;exploit Personal whiteboard;Buckinghamshire array Bermuda
5;Región;Música multi-byte;Cambridgeshire Artesanal;RAM trabajo innovative;Ester54@hotmail.com;disintermediate functionalities;Ladrillo
6;invoice Kip Creativo;magnetic Guilder calculate;Credit Comodos Borders;Infraestructura Checking;Toms.Barrera48@gmail.com;interfaces Región;Borders mobile
7;port;1080p Fantástico Account;data-warehouse en;schemas Cine;ngela_Muoz90@hotmail.com;generate indexing;Práctico solutions
8;Omán;Configuración;Guadalupe;harness utilize incremental;Santiago69@gmail.com;technologies JBOD;Acero XSS firewall
9;Principado Operaciones Ergonómico;Ergonómico SAS;Aragón capacitor Visionario;Blanco Algodón;Graciela82@yahoo.com;Configurable multiestado;innovate distributed transmitter
10;grow Asociado Horizontal;SDD Buckinghamshire Comunidad;Verde reboot;Interfaz Toallas Kyat;Sergio.Arevalo97@hotmail.com;coherente;Cliente
